mc	mn	quarterbeats	quarterbeats_all_endings	duration_qb	mc_onset	mn_onset	event	timesig	staff	voice	duration	nominal_duration	scalar	chord_id
1	1	0	0	2.0	0	0	Chord	4/4	1	1	1/2	1/2	1	0
1	1	2	2	2.0	1/2	1/2	Chord	4/4	1	1	1/2	1/2	1	1
1	1	0	0	2.0	0	0	Chord	4/4	2	1	1/2	1/2	1	2
1	1	2	2	2.0	1/2	1/2	Chord	4/4	2	1	1/2	1/2	1	3
1	1	0	0	2.0	0	0	Chord	4/4	3	1	1/2	1/2	1	4
1	1	2	2	2.0	1/2	1/2	Chord	4/4	3	1	1/2	1/2	1	5
1	1	0	0	2.0	0	0	Chord	4/4	4	1	1/2	1/2	1	6
1	1	2	2	2.0	1/2	1/2	Chord	4/4	4	1	1/2	1/2	1	7
2	2	4	4	2.0	0	0	Chord	4/4	1	1	1/2	1/2	1	8
2	2	6	6	1.0	1/2	1/2	Chord	4/4	1	1	1/4	1/4	1	9
2	2	7	7	1.0	3/4	3/4	Chord	4/4	1	1	1/4	1/4	1	10
2	2	4	4	2.0	0	0	Chord	4/4	2	1	1/2	1/2	1	11
2	2	6	6	1.0	1/2	1/2	Chord	4/4	2	1	1/4	1/4	1	12
2	2	7	7	1.0	3/4	3/4	Chord	4/4	2	1	1/4	1/4	1	13
2	2	4	4	2.0	0	0	Chord	4/4	3	1	1/2	1/2	1	14
2	2	6	6	1.0	1/2	1/2	Chord	4/4	3	1	1/4	1/4	1	15
2	2	7	7	1.0	3/4	3/4	Chord	4/4	3	1	1/4	1/4	1	16
2	2	4	4	2.0	0	0	Chord	4/4	4	1	1/2	1/2	1	17
2	2	6	6	1.0	1/2	1/2	Chord	4/4	4	1	1/4	1/4	1	18
2	2	7	7	1.0	3/4	3/4	Chord	4/4	4	1	1/4	1/4	1	19
3	3	8	8	1.0	0	0	Chord	4/4	1	1	1/4	1/4	1	20
3	3	9	9	1.0	1/4	1/4	Chord	4/4	1	1	1/4	1/4	1	21
3	3	10	10	2.0	1/2	1/2	Chord	4/4	1	1	1/2	1/2	1	22
3	3	8	8	1.0	0	0	Chord	4/4	2	1	1/4	1/4	1	23
3	3	9	9	1.0	1/4	1/4	Chord	4/4	2	1	1/4	1/4	1	24
3	3	10	10	2.0	1/2	1/2	Chord	4/4	2	1	1/2	1/2	1	25
3	3	8	8	1.0	0	0	Chord	4/4	3	1	1/4	1/4	1	26
3	3	9	9	1.0	1/4	1/4	Chord	4/4	3	1	1/4	1/4	1	27
3	3	10	10	2.0	1/2	1/2	Chord	4/4	3	1	1/2	1/2	1	28
3	3	8	8	1.0	0	0	Chord	4/4	4	1	1/4	1/4	1	29
3	3	9	9	1.0	1/4	1/4	Chord	4/4	4	1	1/4	1/4	1	30
3	3	10	10	2.0	1/2	1/2	Chord	4/4	4	1	1/2	1/2	1	31
4	4	12	12	2.0	0	0	Chord	4/4	1	1	1/2	1/2	1	32
4	4	15	15	1.0	3/4	3/4	Chord	4/4	1	1	1/4	1/4	1	33
4	4	12	12	2.0	0	0	Chord	4/4	2	1	1/2	1/2	1	34
4	4	15	15	1.0	3/4	3/4	Chord	4/4	2	1	1/4	1/4	1	35
4	4	12	12	2.0	0	0	Chord	4/4	3	1	1/2	1/2	1	36
4	4	15	15	1.0	3/4	3/4	Chord	4/4	3	1	1/4	1/4	1	37
4	4	12	12	2.0	0	0	Chord	4/4	4	1	1/2	1/2	1	38
4	4	15	15	1.0	3/4	3/4	Chord	4/4	4	1	1/4	1/4	1	39
5	5	16	16	2.0	0	0	Chord	4/4	1	1	1/2	1/2	1	40
5	5	18	18	2.0	1/2	1/2	Chord	4/4	1	1	1/2	1/2	1	41
5	5	16	16	2.0	0	0	Chord	4/4	2	1	1/2	1/2	1	42
5	5	18	18	2.0	1/2	1/2	Chord	4/4	2	1	1/2	1/2	1	43
5	5	16	16	2.0	0	0	Chord	4/4	3	1	1/2	1/2	1	44
5	5	18	18	2.0	1/2	1/2	Chord	4/4	3	1	1/2	1/2	1	45
5	5	16	16	2.0	0	0	Chord	4/4	4	1	1/2	1/2	1	46
5	5	18	18	2.0	1/2	1/2	Chord	4/4	4	1	1/2	1/2	1	47
6	6	20	20	1.0	0	0	Chord	4/4	1	1	1/4	1/4	1	48
6	6	21	21	2.0	1/4	1/4	Chord	4/4	1	1	1/2	1/2	1	49
6	6	23	23	1.0	3/4	3/4	Chord	4/4	1	1	1/4	1/4	1	50
6	6	20	20	1.0	0	0	Chord	4/4	2	1	1/4	1/4	1	51
6	6	21	21	1.0	1/4	1/4	Chord	4/4	2	1	1/4	1/4	1	52
6	6	22	22	1.0	1/2	1/2	Chord	4/4	2	1	1/4	1/4	1	53
6	6	23	23	1.0	3/4	3/4	Chord	4/4	2	1	1/4	1/4	1	54
6	6	20	20	2.0	0	0	Chord	4/4	3	1	1/2	1/2	1	55
6	6	22	22	1.0	1/2	1/2	Chord	4/4	3	1	1/4	1/4	1	56
6	6	23	23	1.0	3/4	3/4	Chord	4/4	3	1	1/4	1/4	1	57
6	6	20	20	1.0	0	0	Chord	4/4	4	1	1/4	1/4	1	58
6	6	21	21	1.0	1/4	1/4	Chord	4/4	4	1	1/4	1/4	1	59
6	6	22	22	2.0	1/2	1/2	Chord	4/4	4	1	1/2	1/2	1	60
7	7	24	24	1.0	0	0	Chord	4/4	1	1	1/4	1/4	1	61
7	7	25	25	1.0	1/4	1/4	Chord	4/4	1	1	1/4	1/4	1	62
7	7	26	26	2.0	1/2	1/2	Chord	4/4	1	1	1/2	1/2	1	63
7	7	24	24	2.0	0	0	Chord	4/4	2	1	1/2	1/2	1	64
7	7	26	26	2.0	1/2	1/2	Chord	4/4	2	1	1/2	1/2	1	65
7	7	24	24	2.0	0	0	Chord	4/4	3	1	1/2	1/2	1	66
7	7	26	26	2.0	1/2	1/2	Chord	4/4	3	1	1/2	1/2	1	67
7	7	24	24	2.0	0	0	Chord	4/4	4	1	1/2	1/2	1	68
7	7	26	26	2.0	1/2	1/2	Chord	4/4	4	1	1/2	1/2	1	69
8	8	30	30	2.0	1/2	1/2	Chord	4/4	1	1	1/2	1/2	1	70
8	8	30	30	2.0	1/2	1/2	Chord	4/4	2	1	1/2	1/2	1	71
8	8	30	30	2.0	1/2	1/2	Chord	4/4	3	1	1/2	1/2	1	72
8	8	30	30	2.0	1/2	1/2	Chord	4/4	4	1	1/2	1/2	1	73
9	9	32	32	1.0	0	0	Chord	4/4	1	1	1/4	1/4	1	74
9	9	33	33	1.0	1/4	1/4	Chord	4/4	1	1	1/4	1/4	1	75
9	9	34	34	1.0	1/2	1/2	Chord	4/4	1	1	1/4	1/4	1	76
9	9	35	35	1.0	3/4	3/4	Chord	4/4	1	1	1/4	1/4	1	77
9	9	32	32	1.0	0	0	Chord	4/4	2	1	1/4	1/4	1	78
9	9	33	33	1.0	1/4	1/4	Chord	4/4	2	1	1/4	1/4	1	79
9	9	34	34	1.0	1/2	1/2	Chord	4/4	2	1	1/4	1/4	1	80
9	9	35	35	1.0	3/4	3/4	Chord	4/4	2	1	1/4	1/4	1	81
9	9	32	32	1.0	0	0	Chord	4/4	3	1	1/4	1/4	1	82
9	9	33	33	1.0	1/4	1/4	Chord	4/4	3	1	1/4	1/4	1	83
9	9	34	34	1.0	1/2	1/2	Chord	4/4	3	1	1/4	1/4	1	84
9	9	35	35	1.0	3/4	3/4	Chord	4/4	3	1	1/4	1/4	1	85
9	9	32	32	1.0	0	0	Chord	4/4	4	1	1/4	1/4	1	86
9	9	33	33	1.0	1/4	1/4	Chord	4/4	4	1	1/4	1/4	1	87
9	9	34	34	1.0	1/2	1/2	Chord	4/4	4	1	1/4	1/4	1	88
9	9	35	35	1.0	3/4	3/4	Chord	4/4	4	1	1/4	1/4	1	89
10	10	36	36	1.0	0	0	Chord	4/4	1	1	1/4	1/4	1	90
10	10	37	37	2.0	1/4	1/4	Chord	4/4	1	1	1/2	1/2	1	91
10	10	39	39	1.0	3/4	3/4	Chord	4/4	1	1	1/4	1/4	1	92
10	10	36	36	1.0	0	0	Chord	4/4	2	1	1/4	1/4	1	93
10	10	37	37	1.0	1/4	1/4	Chord	4/4	2	1	1/4	1/4	1	94
10	10	38	38	2.0	1/2	1/2	Chord	4/4	2	1	1/2	1/2	1	95
10	10	36	36	1.0	0	0	Chord	4/4	3	1	1/4	1/4	1	96
10	10	37	37	1.0	1/4	1/4	Chord	4/4	3	1	1/4	1/4	1	97
10	10	38	38	2.0	1/2	1/2	Chord	4/4	3	1	1/2	1/2	1	98
10	10	36	36	1.0	0	0	Chord	4/4	4	1	1/4	1/4	1	99
10	10	37	37	1.0	1/4	1/4	Chord	4/4	4	1	1/4	1/4	1	100
10	10	38	38	2.0	1/2	1/2	Chord	4/4	4	1	1/2	1/2	1	101
11	11	40	40	2.0	0	0	Chord	4/4	1	1	1/2	1/2	1	102
11	11	40	40	2.0	0	0	Chord	4/4	2	1	1/2	1/2	1	103
11	11	40	40	2.0	0	0	Chord	4/4	3	1	1/2	1/2	1	104
11	11	40	40	2.0	0	0	Chord	4/4	4	1	1/2	1/2	1	105
12	12	44	44	2.0	0	0	Chord	4/4	1	1	1/2	1/2	1	106
12	12	46	46	1.0	1/2	1/2	Chord	4/4	1	1	1/4	1/4	1	107
12	12	47	47	1.0	3/4	3/4	Chord	4/4	1	1	1/4	1/4	1	108
12	12	44	44	2.0	0	0	Chord	4/4	2	1	1/2	1/2	1	109
12	12	46	46	1.0	1/2	1/2	Chord	4/4	2	1	1/4	1/4	1	110
12	12	47	47	1.0	3/4	3/4	Chord	4/4	2	1	1/4	1/4	1	111
12	12	44	44	2.0	0	0	Chord	4/4	3	1	1/2	1/2	1	112
12	12	46	46	1.0	1/2	1/2	Chord	4/4	3	1	1/4	1/4	1	113
12	12	47	47	1.0	3/4	3/4	Chord	4/4	3	1	1/4	1/4	1	114
12	12	44	44	2.0	0	0	Chord	4/4	4	1	1/2	1/2	1	115
12	12	46	46	1.0	1/2	1/2	Chord	4/4	4	1	1/4	1/4	1	116
12	12	47	47	1.0	3/4	3/4	Chord	4/4	4	1	1/4	1/4	1	117
13	13	48	48	2.0	0	0	Chord	4/4	1	1	1/2	1/2	1	118
13	13	50	50	2.0	1/2	1/2	Chord	4/4	1	1	1/2	1/2	1	119
13	13	48	48	2.0	0	0	Chord	4/4	2	1	1/2	1/2	1	120
13	13	50	50	1.0	1/2	1/2	Chord	4/4	2	1	1/4	1/4	1	121
13	13	51	51	1.0	3/4	3/4	Chord	4/4	2	1	1/4	1/4	1	122
13	13	48	48	2.0	0	0	Chord	4/4	3	1	1/2	1/2	1	123
13	13	50	50	1.0	1/2	1/2	Chord	4/4	3	1	1/4	1/4	1	124
13	13	51	51	1.0	3/4	3/4	Chord	4/4	3	1	1/4	1/4	1	125
13	13	48	48	2.0	0	0	Chord	4/4	4	1	1/2	1/2	1	126
13	13	50	50	1.0	1/2	1/2	Chord	4/4	4	1	1/4	1/4	1	127
13	13	51	51	1.0	3/4	3/4	Chord	4/4	4	1	1/4	1/4	1	128
14	14	52	52	1.0	0	0	Chord	4/4	1	1	1/4	1/4	1	129
14	14	53	53	1.0	1/4	1/4	Chord	4/4	1	1	1/4	1/4	1	130
14	14	54	54	2.0	1/2	1/2	Chord	4/4	1	1	1/2	1/2	1	131
14	14	52	52	1.0	0	0	Chord	4/4	2	1	1/4	1/4	1	132
14	14	53	53	2.0	1/4	1/4	Chord	4/4	2	1	1/2	1/2	1	133
14	14	55	55	1.0	3/4	3/4	Chord	4/4	2	1	1/4	1/4	1	134
14	14	52	52	1.0	0	0	Chord	4/4	3	1	1/4	1/4	1	135
14	14	53	53	1.0	1/4	1/4	Chord	4/4	3	1	1/4	1/4	1	136
14	14	54	54	2.0	1/2	1/2	Chord	4/4	3	1	1/2	1/2	1	137
14	14	52	52	1.0	0	0	Chord	4/4	4	1	1/4	1/4	1	138
14	14	53	53	1.0	1/4	1/4	Chord	4/4	4	1	1/4	1/4	1	139
14	14	54	54	2.0	1/2	1/2	Chord	4/4	4	1	1/2	1/2	1	140
15	15	56	56	2.0	0	0	Chord	4/4	1	1	1/2	1/2	1	141
15	15	56	56	2.0	0	0	Chord	4/4	2	1	1/2	1/2	1	142
15	15	56	56	2.0	0	0	Chord	4/4	3	1	1/2	1/2	1	143
15	15	56	56	2.0	0	0	Chord	4/4	4	1	1/2	1/2	1	144
16	16	60	60	2.0	0	0	Chord	4/4	1	1	1/2	1/2	1	145
16	16	62	62	1.0	1/2	1/2	Chord	4/4	1	1	1/4	1/4	1	146
16	16	63	63	1.0	3/4	3/4	Chord	4/4	1	1	1/4	1/4	1	147
16	16	60	60	2.0	0	0	Chord	4/4	2	1	1/2	1/2	1	148
16	16	62	62	1.0	1/2	1/2	Chord	4/4	2	1	1/4	1/4	1	149
16	16	63	63	1.0	3/4	3/4	Chord	4/4	2	1	1/4	1/4	1	150
16	16	60	60	2.0	0	0	Chord	4/4	3	1	1/2	1/2	1	151
16	16	62	62	1.0	1/2	1/2	Chord	4/4	3	1	1/4	1/4	1	152
16	16	63	63	1.0	3/4	3/4	Chord	4/4	3	1	1/4	1/4	1	153
16	16	60	60	2.0	0	0	Chord	4/4	4	1	1/2	1/2	1	154
16	16	62	62	1.0	1/2	1/2	Chord	4/4	4	1	1/4	1/4	1	155
16	16	63	63	1.0	3/4	3/4	Chord	4/4	4	1	1/4	1/4	1	156
17	17	64	64	1.0	0	0	Chord	4/4	1	1	1/4	1/4	1	157
17	17	65	65	1.0	1/4	1/4	Chord	4/4	1	1	1/4	1/4	1	158
17	17	66	66	2.0	1/2	1/2	Chord	4/4	1	1	1/2	1/2	1	159
17	17	64	64	1.0	0	0	Chord	4/4	2	1	1/4	1/4	1	160
17	17	65	65	1.0	1/4	1/4	Chord	4/4	2	1	1/4	1/4	1	161
17	17	66	66	2.0	1/2	1/2	Chord	4/4	2	1	1/2	1/2	1	162
17	17	64	64	1.0	0	0	Chord	4/4	3	1	1/4	1/4	1	163
17	17	65	65	1.0	1/4	1/4	Chord	4/4	3	1	1/4	1/4	1	164
17	17	66	66	2.0	1/2	1/2	Chord	4/4	3	1	1/2	1/2	1	165
17	17	64	64	1.0	0	0	Chord	4/4	4	1	1/4	1/4	1	166
17	17	65	65	1.0	1/4	1/4	Chord	4/4	4	1	1/4	1/4	1	167
17	17	66	66	2.0	1/2	1/2	Chord	4/4	4	1	1/2	1/2	1	168
18	18	68	68	2.0	0	0	Chord	4/4	1	1	1/2	1/2	1	169
18	18	70	70	1.0	1/2	1/2	Chord	4/4	1	1	1/4	1/4	1	170
18	18	71	71	1.0	3/4	3/4	Chord	4/4	1	1	1/4	1/4	1	171
18	18	68	68	2.0	0	0	Chord	4/4	2	1	1/2	1/2	1	172
18	18	70	70	1.0	1/2	1/2	Chord	4/4	2	1	1/4	1/4	1	173
18	18	71	71	1.0	3/4	3/4	Chord	4/4	2	1	1/4	1/4	1	174
18	18	68	68	2.0	0	0	Chord	4/4	3	1	1/2	1/2	1	175
18	18	70	70	1.0	1/2	1/2	Chord	4/4	3	1	1/4	1/4	1	176
18	18	71	71	1.0	3/4	3/4	Chord	4/4	3	1	1/4	1/4	1	177
18	18	68	68	2.0	0	0	Chord	4/4	4	1	1/2	1/2	1	178
18	18	70	70	1.0	1/2	1/2	Chord	4/4	4	1	1/4	1/4	1	179
18	18	71	71	1.0	3/4	3/4	Chord	4/4	4	1	1/4	1/4	1	180
19	19	72	72	1.0	0	0	Chord	4/4	1	1	1/4	1/4	1	181
19	19	73	73	1.0	1/4	1/4	Chord	4/4	1	1	1/4	1/4	1	182
19	19	74	74	1.0	1/2	1/2	Chord	4/4	1	1	1/4	1/4	1	183
19	19	75	75	1.0	3/4	3/4	Chord	4/4	1	1	1/4	1/4	1	184
19	19	72	72	1.0	0	0	Chord	4/4	2	1	1/4	1/4	1	185
19	19	73	73	1.0	1/4	1/4	Chord	4/4	2	1	1/4	1/4	1	186
19	19	74	74	1.0	1/2	1/2	Chord	4/4	2	1	1/4	1/4	1	187
19	19	75	75	1.0	3/4	3/4	Chord	4/4	2	1	1/4	1/4	1	188
19	19	72	72	1.0	0	0	Chord	4/4	3	1	1/4	1/4	1	189
19	19	73	73	1.0	1/4	1/4	Chord	4/4	3	1	1/4	1/4	1	190
19	19	74	74	1.0	1/2	1/2	Chord	4/4	3	1	1/4	1/4	1	191
19	19	75	75	1.0	3/4	3/4	Chord	4/4	3	1	1/4	1/4	1	192
19	19	72	72	1.0	0	0	Chord	4/4	4	1	1/4	1/4	1	193
19	19	73	73	1.0	1/4	1/4	Chord	4/4	4	1	1/4	1/4	1	194
19	19	74	74	1.0	1/2	1/2	Chord	4/4	4	1	1/4	1/4	1	195
19	19	75	75	1.0	3/4	3/4	Chord	4/4	4	1	1/4	1/4	1	196
20	20	76	76	4.0	0	0	Chord	4/4	1	1	1	1	1	197
20	20	76	76	4.0	0	0	Chord	4/4	2	1	1	1	1	198
20	20	76	76	4.0	0	0	Chord	4/4	3	1	1	1	1	199
20	20	76	76	4.0	0	0	Chord	4/4	4	1	1	1	1	200
